Daily activity on Fri May  2 12:51:38 UTC 2025
Daily activity on Sat May  3 06:13:17 UTC 2025
Daily activity on Sun May  4 06:14:12 UTC 2025
Daily activity on Mon May  5 06:15:54 UTC 2025
Daily activity on Tue May  6 06:15:09 UTC 2025
Daily activity on Wed May  7 06:15:25 UTC 2025
Daily activity on Thu May  8 06:15:35 UTC 2025
Daily activity on Fri May  9 06:15:43 UTC 2025
Daily activity on Sat May 10 06:13:14 UTC 2025
Daily activity on Sun May 11 06:13:51 UTC 2025
Daily activity on Mon May 12 06:16:18 UTC 2025
Daily activity on Tue May 13 06:15:27 UTC 2025
Daily activity on Wed May 14 06:15:23 UTC 2025
Daily activity on Thu May 15 06:15:42 UTC 2025
Daily activity on Fri May 16 06:15:41 UTC 2025
Daily activity on Sat May 17 06:13:44 UTC 2025
Daily activity on Sun May 18 06:14:06 UTC 2025
Daily activity on Mon May 19 06:16:15 UTC 2025
Daily activity on Tue May 20 06:15:56 UTC 2025
Daily activity on Wed May 21 06:15:46 UTC 2025
Daily activity on Thu May 22 06:15:52 UTC 2025
Daily activity on Fri May 23 06:15:19 UTC 2025
Daily activity on Sat May 24 06:13:32 UTC 2025
Daily activity on Sun May 25 06:13:39 UTC 2025
Daily activity on Mon May 26 06:16:23 UTC 2025
Daily activity on Tue May 27 06:15:20 UTC 2025
Daily activity on Wed May 28 06:15:43 UTC 2025
Daily activity on Thu May 29 06:15:55 UTC 2025
Daily activity on Fri May 30 06:15:27 UTC 2025
Daily activity on Sat May 31 06:13:55 UTC 2025
Daily activity on Sun Jun  1 06:14:47 UTC 2025
Daily activity on Mon Jun  2 06:16:36 UTC 2025
Daily activity on Tue Jun  3 06:16:05 UTC 2025
Daily activity on Wed Jun  4 06:15:47 UTC 2025
Daily activity on Thu Jun  5 06:16:16 UTC 2025
Daily activity on Fri Jun  6 06:16:18 UTC 2025
Daily activity on Sat Jun  7 06:13:52 UTC 2025
Daily activity on Sun Jun  8 06:14:51 UTC 2025
Daily activity on Mon Jun  9 06:17:09 UTC 2025
Daily activity on Tue Jun 10 06:15:50 UTC 2025
Daily activity on Wed Jun 11 06:16:07 UTC 2025
Daily activity on Thu Jun 12 06:16:25 UTC 2025
Daily activity on Fri Jun 13 06:16:06 UTC 2025
Daily activity on Sat Jun 14 06:14:00 UTC 2025
Daily activity on Sun Jun 15 06:14:22 UTC 2025
Daily activity on Mon Jun 16 06:17:24 UTC 2025
Daily activity on Tue Jun 17 06:15:59 UTC 2025
Daily activity on Wed Jun 18 06:16:18 UTC 2025
Daily activity on Thu Jun 19 06:16:09 UTC 2025
Daily activity on Fri Jun 20 06:15:59 UTC 2025
Daily activity on Sat Jun 21 06:14:14 UTC 2025
Daily activity on Sun Jun 22 06:14:50 UTC 2025
Daily activity on Mon Jun 23 06:17:17 UTC 2025
Daily activity on Tue Jun 24 06:16:52 UTC 2025
Daily activity on Wed Jun 25 06:17:03 UTC 2025
Daily activity on Thu Jun 26 06:16:34 UTC 2025
Daily activity on Fri Jun 27 06:16:42 UTC 2025
Daily activity on Sat Jun 28 06:14:28 UTC 2025
Daily activity on Sun Jun 29 06:14:47 UTC 2025
Daily activity on Mon Jun 30 06:17:13 UTC 2025
Daily activity on Tue Jul  1 06:16:48 UTC 2025
Daily activity on Wed Jul  2 06:16:55 UTC 2025
Daily activity on Thu Jul  3 06:17:02 UTC 2025
Daily activity on Fri Jul  4 06:16:38 UTC 2025
Daily activity on Sat Jul  5 06:14:30 UTC 2025
Daily activity on Sun Jul  6 06:14:47 UTC 2025
Daily activity on Mon Jul  7 06:17:27 UTC 2025
Daily activity on Tue Jul  8 06:16:43 UTC 2025
Daily activity on Wed Jul  9 06:16:43 UTC 2025
Daily activity on Thu Jul 10 06:17:12 UTC 2025
Daily activity on Fri Jul 11 06:16:51 UTC 2025
Daily activity on Sat Jul 12 06:15:03 UTC 2025
Daily activity on Sun Jul 13 06:15:23 UTC 2025
Daily activity on Mon Jul 14 06:18:17 UTC 2025
Daily activity on Tue Jul 15 06:17:32 UTC 2025
Daily activity on Wed Jul 16 06:17:15 UTC 2025
Daily activity on Thu Jul 17 06:17:05 UTC 2025
Daily activity on Fri Jul 18 06:17:09 UTC 2025
Daily activity on Sat Jul 19 06:15:23 UTC 2025
Daily activity on Sun Jul 20 06:15:38 UTC 2025
Daily activity on Mon Jul 21 06:18:09 UTC 2025
Daily activity on Tue Jul 22 06:17:27 UTC 2025
Daily activity on Wed Jul 23 06:18:04 UTC 2025
Daily activity on Thu Jul 24 06:17:37 UTC 2025
Daily activity on Fri Jul 25 06:17:37 UTC 2025
Daily activity on Sat Jul 26 06:15:33 UTC 2025
Daily activity on Sun Jul 27 06:15:55 UTC 2025
Daily activity on Mon Jul 28 06:19:41 UTC 2025
Daily activity on Tue Jul 29 06:18:27 UTC 2025
Daily activity on Wed Jul 30 06:19:17 UTC 2025
Daily activity on Thu Jul 31 06:17:46 UTC 2025
Daily activity on Fri Aug  1 06:19:42 UTC 2025
Daily activity on Sat Aug  2 06:15:21 UTC 2025
Daily activity on Sun Aug  3 06:16:12 UTC 2025
Daily activity on Mon Aug  4 06:23:22 UTC 2025
Daily activity on Tue Aug  5 06:19:40 UTC 2025
Daily activity on Wed Aug  6 06:19:57 UTC 2025
Daily activity on Thu Aug  7 06:18:52 UTC 2025
Daily activity on Fri Aug  8 06:19:04 UTC 2025
Daily activity on Sat Aug  9 06:15:18 UTC 2025
Daily activity on Sun Aug 10 06:15:42 UTC 2025
Daily activity on Mon Aug 11 06:18:45 UTC 2025
Daily activity on Tue Aug 12 06:17:25 UTC 2025
Daily activity on Wed Aug 13 06:17:14 UTC 2025
Daily activity on Thu Aug 14 06:17:16 UTC 2025
Daily activity on Fri Aug 15 06:17:10 UTC 2025
Daily activity on Sat Aug 16 06:14:43 UTC 2025
Daily activity on Sun Aug 17 06:15:27 UTC 2025
Daily activity on Mon Aug 18 06:18:11 UTC 2025
Daily activity on Tue Aug 19 06:16:29 UTC 2025
Daily activity on Wed Aug 20 06:16:42 UTC 2025
Daily activity on Thu Aug 21 06:22:42 UTC 2025
Daily activity on Fri Aug 22 06:16:15 UTC 2025
Daily activity on Sat Aug 23 06:14:02 UTC 2025
Daily activity on Sun Aug 24 06:14:59 UTC 2025
Daily activity on Mon Aug 25 06:17:27 UTC 2025
Daily activity on Tue Aug 26 06:16:28 UTC 2025
Daily activity on Wed Aug 27 06:15:38 UTC 2025
Daily activity on Thu Aug 28 06:16:04 UTC 2025
Daily activity on Fri Aug 29 06:15:47 UTC 2025
Daily activity on Sat Aug 30 06:13:22 UTC 2025
Daily activity on Sun Aug 31 06:14:06 UTC 2025
Daily activity on Mon Sep  1 06:17:45 UTC 2025
Daily activity on Tue Sep  2 06:16:35 UTC 2025
Daily activity on Wed Sep  3 06:14:57 UTC 2025
Daily activity on Thu Sep  4 06:15:19 UTC 2025
Daily activity on Fri Sep  5 06:15:31 UTC 2025
Daily activity on Sat Sep  6 06:13:27 UTC 2025
Daily activity on Sun Sep  7 06:13:30 UTC 2025
Daily activity on Mon Sep  8 06:16:50 UTC 2025
Daily activity on Tue Sep  9 06:16:14 UTC 2025
Daily activity on Wed Sep 10 06:15:47 UTC 2025
Daily activity on Thu Sep 11 06:16:06 UTC 2025
Daily activity on Fri Sep 12 06:15:25 UTC 2025
Daily activity on Sat Sep 13 06:13:18 UTC 2025
Daily activity on Sun Sep 14 06:13:41 UTC 2025
Daily activity on Mon Sep 15 06:17:16 UTC 2025
Daily activity on Tue Sep 16 06:15:54 UTC 2025
Daily activity on Wed Sep 17 06:16:08 UTC 2025
Daily activity on Thu Sep 18 06:15:50 UTC 2025
Daily activity on Fri Sep 19 06:15:48 UTC 2025
Daily activity on Sat Sep 20 06:14:03 UTC 2025
Daily activity on Sun Sep 21 06:14:14 UTC 2025
Daily activity on Mon Sep 22 06:16:55 UTC 2025
Daily activity on Tue Sep 23 06:16:09 UTC 2025
Daily activity on Wed Sep 24 06:15:48 UTC 2025
Daily activity on Thu Sep 25 06:16:11 UTC 2025
Daily activity on Fri Sep 26 06:15:32 UTC 2025
Daily activity on Sat Sep 27 06:13:25 UTC 2025
Daily activity on Sun Sep 28 06:14:05 UTC 2025
Daily activity on Mon Sep 29 06:17:41 UTC 2025
Daily activity on Tue Sep 30 06:16:22 UTC 2025
Daily activity on Wed Oct  1 06:15:52 UTC 2025
Daily activity on Thu Oct  2 06:15:21 UTC 2025
Daily activity on Fri Oct  3 06:15:08 UTC 2025
Daily activity on Sat Oct  4 06:13:33 UTC 2025
Daily activity on Sun Oct  5 06:13:35 UTC 2025
Daily activity on Mon Oct  6 06:16:36 UTC 2025
Daily activity on Tue Oct  7 06:15:48 UTC 2025
Daily activity on Wed Oct  8 06:16:00 UTC 2025
Daily activity on Thu Oct  9 06:16:20 UTC 2025
Daily activity on Fri Oct 10 06:16:05 UTC 2025
Daily activity on Sat Oct 11 06:13:39 UTC 2025
Daily activity on Sun Oct 12 06:13:46 UTC 2025
Daily activity on Mon Oct 13 06:17:28 UTC 2025
Daily activity on Tue Oct 14 06:16:44 UTC 2025
Daily activity on Wed Oct 15 06:16:20 UTC 2025
Daily activity on Thu Oct 16 06:16:29 UTC 2025
Daily activity on Fri Oct 17 06:15:47 UTC 2025
Daily activity on Sat Oct 18 06:14:03 UTC 2025
Daily activity on Sun Oct 19 06:14:47 UTC 2025
Daily activity on Mon Oct 20 06:17:04 UTC 2025
Daily activity on Tue Oct 21 06:16:36 UTC 2025
Daily activity on Wed Oct 22 06:16:40 UTC 2025
Daily activity on Thu Oct 23 06:16:22 UTC 2025
Daily activity on Fri Oct 24 06:15:36 UTC 2025
Daily activity on Sat Oct 25 06:14:05 UTC 2025
Daily activity on Sun Oct 26 06:14:24 UTC 2025
Daily activity on Mon Oct 27 06:18:15 UTC 2025
Daily activity on Tue Oct 28 06:17:20 UTC 2025
Daily activity on Wed Oct 29 06:17:23 UTC 2025
Daily activity on Thu Oct 30 06:16:26 UTC 2025
Daily activity on Fri Oct 31 06:16:38 UTC 2025
Daily activity on Sat Nov  1 06:14:31 UTC 2025
Daily activity on Sun Nov  2 06:15:26 UTC 2025
Daily activity on Mon Nov  3 06:17:46 UTC 2025
Daily activity on Tue Nov  4 06:17:08 UTC 2025
Daily activity on Wed Nov  5 06:17:06 UTC 2025
Daily activity on Thu Nov  6 06:17:15 UTC 2025
Daily activity on Fri Nov  7 06:17:00 UTC 2025
Daily activity on Sat Nov  8 06:14:45 UTC 2025
Daily activity on Sun Nov  9 06:14:57 UTC 2025
Daily activity on Mon Nov 10 06:18:26 UTC 2025
Daily activity on Tue Nov 11 06:17:22 UTC 2025
Daily activity on Wed Nov 12 06:17:13 UTC 2025
Daily activity on Thu Nov 13 06:17:36 UTC 2025
Daily activity on Fri Nov 14 06:17:13 UTC 2025
Daily activity on Sat Nov 15 06:15:14 UTC 2025
Daily activity on Sun Nov 16 06:15:28 UTC 2025
Daily activity on Mon Nov 17 06:17:50 UTC 2025
